keyword,video_url,video_caption,author_username,author_url,following_count,followers_count,likes_count
beautiful destinations,https://www.tiktok.com/@adrian.baias/video/7382157717726678305,Mornings in #Cappadocia 🇹🇷🇹🇷🇹🇷 #türkiye #turkey,adrian.baias,https://www.tiktok.com/@adrian.baias,3671,649700,31400000
beautiful destinations,https://www.tiktok.com/@nihab_rahman/video/7389326184355613970,Beautiful Sreemangal - the best tea garden destination of Bangladesh.,nihab_rahman,https://www.tiktok.com/@nihab_rahman,214,100900,2000000
beautiful destinations,https://www.tiktok.com/@jessmelu/video/7392714413679070496,Nature is what I need 🫶🏽🌸 #switzerland #nature,jessmelu,https://www.tiktok.com/@jessmelu,116,220300,4300000
beautiful destinations,https://www.tiktok.com/@healingtravelscenery/video/7261752335876017414,#scenery #flowergarden #heallingtime #travel,healingtravelscenery,https://www.tiktok.com/@healingtravelscenery,47,516400,8500000
beautiful destinations,https://www.tiktok.com/@eccendentesiast_._/video/7340736048806350087,Kashmir in Winter ❄️🌨️ Snowfall made the trip more beautiful though couldn't visit some places because of it ☃️,eccendentesiast_._,https://www.tiktok.com/@eccendentesiast_._,21,135,2136
beautiful destinations,https://www.tiktok.com/@mjmehraf/video/7418504065895648519,নারী কি প্রকৃতির রূপের চেয়ে ও বেশি রুপশী? #প্রকৃতি #Viral,mjmehraf,https://www.tiktok.com/@mjmehraf,397,4569,13200
beautiful destinations,https://www.tiktok.com/@i.am.brazil.suppo5/video/7398782356896681234,স্বপ্নের দেশ greece 🇬🇷🇬🇷👉🇯🇵🇯🇵👈✈️,i.am.brazil.suppo5,https://www.tiktok.com/@i.am.brazil.suppo5,33,15900,488200
beautiful destinations,https://www.tiktok.com/@travelizo.abss/video/7402992036669885714,জায়গাটা সুন্দর না?! 🥰 #switzerland #beautiful,travelizo.abss,https://www.tiktok.com/@travelizo.abss,4,20,330
beautiful destinations,https://www.tiktok.com/@alxovi3/video/7378816830556720401,Beautiful Switzerland🇨🇭 #foryou #foryoupage,alxovi3,https://www.tiktok.com/@alxovi3,31,315,2402
beautiful destinations,https://www.tiktok.com/@hello_dongwon/video/7209627755527376136,구석구석 복잡하지만 너무 아름다운 서울의 오후 #틱톡여행,hello_dongwon,https://www.tiktok.com/@hello_dongwon,224,871400,28800000
beautiful destinations,https://www.tiktok.com/@kashmiri_shuvo/video/7288353958580522258,#i_love_kashmir❤️❤️❤️ #kashmir_veiw,kashmiri_shuvo,https://www.tiktok.com/@kashmiri_shuvo,1803,116300,2900000
beautiful destinations,https://www.tiktok.com/@sebastian_schieren/video/7231206461102230811,Would you wake up like this? ☺️ #coffee #pov #travel,sebastian_schieren,https://www.tiktok.com/@sebastian_schieren,120,3900000,73800000
beautiful destinations,https://www.tiktok.com/@nameislili/video/7324402762559638786,One of the most beautiful sunsets I've ever seen 🌅,nameislili,https://www.tiktok.com/@nameislili,976,97600,2500000
beautiful destinations,https://www.tiktok.com/@tanveer.abid/video/7418896931646131463,The weekend therapy #coxsbazar,tanveer.abid,https://www.tiktok.com/@tanveer.abid,221,458,6710
beautiful destinations,https://www.tiktok.com/@jubaidul_hoque_17/video/7421402026380201224,Jao pakhi bolo tare! . . . . #beautifuldestinations,jubaidul_hoque_17,https://www.tiktok.com/@jubaidul_hoque_17,42,3806,75400
beautiful destinations,https://www.tiktok.com/@mdshajibbhuiyan302/video/7331312882061298962,"৩০০ ফুট এর উপর দিয়ে এয়ারপোর্ট যাচ্ছি,#foryou",mdshajibbhuiyan302,https://www.tiktok.com/@mdshajibbhuiyan302,21,33000,769500
beautiful destinations,https://www.tiktok.com/@mdshajibbhuiyan302/video/7333258063673052424,#foryou #beautifuldestinations,mdshajibbhuiyan302,https://www.tiktok.com/@mdshajibbhuiyan302,21,33000,769500
beautiful destinations,https://www.tiktok.com/@mdshajibbhuiyan302/video/7335496595863047431,I keep a good friend in my house #foryou,mdshajibbhuiyan302,https://www.tiktok.com/@mdshajibbhuiyan302,21,33000,769500
beautiful destinations,https://www.tiktok.com/@mdshajibbhuiyan302/video/7337618506680175879,🛬🛫🇧🇩🇦🇪#foryou #foryourpage❤️❤️❤️🛬✈️🛫🇧🇩🇦🇪,mdshajibbhuiyan302,https://www.tiktok.com/@mdshajibbhuiyan302,21,33000,769500
beautiful destinations,https://www.tiktok.com/@ieuyar/video/7332187075762064672,Heaven—tulip fields of the Netherlands #tulips #nature,ieuyar,https://www.tiktok.com/@ieuyar,79,15800,4000000
beautiful destinations,https://www.tiktok.com/@mdshajibbhuiyan302/video/7332403352669637895,#foryou #beautifuldestinations ##,mdshajibbhuiyan302,https://www.tiktok.com/@mdshajibbhuiyan302,21,33000,769500
beautiful destinations,https://www.tiktok.com/@mdshajibbhuiyan302/video/7339080150459501831,মায়ের আদরের ছেলেটা #foryou #beautifuldestinations,mdshajibbhuiyan302,https://www.tiktok.com/@mdshajibbhuiyan302,21,33000,769500
beautiful destinations,https://www.tiktok.com/@bong_guyy/video/7407938531592523016,#maldives #male #hulumale🇲🇻 #malecity,bong_guyy,https://www.tiktok.com/@bong_guyy,95,602,15200
beautiful destinations,https://www.tiktok.com/@incognitorider0/video/7421213005070781704,Difficult roads often lead to beautiful destinations.,incognitorider0,https://www.tiktok.com/@incognitorider0,25,20,21
places to visit,https://www.tiktok.com/@alikainwanderlust/video/7379611257772510470,"VinWonders is currently the largest theme park in Viet Nam and is located on the beautiful island of Phu Quoc 🏝️ What I love most about this theme park is that there are no wait times for rides. Although it is much smaller than Disneyland, it is also significantly more affordable 🎢 It’s best to buy tickets online in advance on their website. You can find great deals, such as a 2-day pass to VinWonders and VinSafari, which includes a food voucher, for nearly the same price as a 1-day ticket to VinWonders 🎟️ Make sure to check out these shows: the Fire Phoenix Square Show at 6:45 pm (20 minutes) and the Mermaid Show at 11:00 am (10 minutes) and 2:00 pm, as well as visit the aquarium and Adventure Land section of the theme park 🧜‍♀️ There is a water park here, so remember to bring your swimmers. Lockers are available for rent at 50,000 Dong (one-time use) 👙🩳 For more destinations and tips in Vietnam purchase my Vietnam Trip Planning Guide 📖 (link in bio)",alikainwanderlust,https://www.tiktok.com/@alikainwanderlust,136,48100,3000000
places to visit,https://www.tiktok.com/@adrian.baias/video/7382157717726678305,Mornings in #Cappadocia 🇹🇷🇹🇷🇹🇷 #türkiye #turkey,adrian.baias,https://www.tiktok.com/@adrian.baias,3671,649800,31400000
places to visit,https://www.tiktok.com/@kakitravel.net/video/7386986949740858642,Dekat Mersing ada apa je? Ha SAVE video ni dulu untuk korang nak travel nanti ! . 1. Menginap & Sarapan di Kampung Stay Teluk Buih. Direct booking melalui,kakitravel.net,https://www.tiktok.com/@kakitravel.net,266,144300,1100000
places to visit,https://www.tiktok.com/@abdullahal_rafiii/video/7420477269031865608,6 places to visit in Chattogram city #beautiful #places,abdullahal_rafiii,https://www.tiktok.com/@abdullahal_rafiii,4,254,5174
places to visit,https://www.tiktok.com/@globalexporer7799/video/7223902334626057473,TOP 25 Best Places To Visit in The World #travel,globalexporer7799,https://www.tiktok.com/@globalexporer7799,16,4842,37000
places to visit,https://www.tiktok.com/@just.aa.minute/video/7381719525038902546,Most Beautiful Park For a Dayout ✨ #just_aa_minute,just.aa.minute,https://www.tiktok.com/@just.aa.minute,1,83000,1700000
places to visit,https://www.tiktok.com/@your_short_bro/video/7297022921438973186,Best places to visit in Bangladesh #travel #tiktok,your_short_bro,https://www.tiktok.com/@your_short_bro,186,1084,15300
places to visit,https://www.tiktok.com/@just.aa.minute/video/7410380217732123912,Sundarban awaits—where adventure and comfort fit your budget 🦚🐾,just.aa.minute,https://www.tiktok.com/@just.aa.minute,1,83000,1700000
places to visit,https://www.tiktok.com/@seekscape/video/7388219285258145057,Top 10 Best Places to Visit in Switzerland 🇨🇭 🎥: @Marco Marques @Swissaround🇨🇭 @swisswoow For educational purposes only 📚🌎 #,seekscape,https://www.tiktok.com/@seekscape,22,25700,334800
places to visit,https://www.tiktok.com/@globalexporer7799/video/7308327357931212034,TOP 10 Best Places To Visit in Uganda #uganda #africa,globalexporer7799,https://www.tiktok.com/@globalexporer7799,16,4842,37000
places to visit,https://www.tiktok.com/@trip.com/video/7171471638586838273,You have to add this lake on your bucket list 😍Cr:,trip.com,https://www.tiktok.com/@trip.com,83,1600000,13100000
places to visit,https://www.tiktok.com/@pedzulkefli/video/7317840864359894290,33 TEMPAT BEST KALAU NK BERCUTI KT KL / SELANGOR. Nk beli tiket klik link kt bio.,pedzulkefli,https://www.tiktok.com/@pedzulkefli,30,280100,12800000
places to visit,https://www.tiktok.com/@pghrtiara/video/7334781010506386694,20 places to go at Kuala Lumpur. Rekomendasi jalan jalan di kuala lumpur 5 hari 4 malam,pghrtiara,https://www.tiktok.com/@pghrtiara,2,2124,61400
places to visit,https://www.tiktok.com/@backpackerjomblo_/video/7291165262596902149,Gara-gara sound ini jiwa travel ku jadi meronta-ronta 🍃,backpackerjomblo_,https://www.tiktok.com/@backpackerjomblo_,35,275600,21300000
places to visit,https://www.tiktok.com/@wasiftowfique__/video/7385534899857476872,A hidden gem at Purbanchal 🍃 Guess the location ⬇️,wasiftowfique__,https://www.tiktok.com/@wasiftowfique__,68,11800,535400
places to visit,https://www.tiktok.com/@karenpaniaguavideos/video/7379797664138906885,Visita Laguna Ricuricocha #travel #peru #parati,karenpaniaguavideos,https://www.tiktok.com/@karenpaniaguavideos,7,1900000,19200000
places to visit,https://www.tiktok.com/@umutdxb/video/7290908086619999495,Top 12 Places to visit in Khor Fakkan 🇦🇪📌 1. Al Suhub Rest Area 📌 2. khor fakkan old souq📌 3. Al Rafisah Dam📌 4. Najd Al Maqsar Heritage Village📌 5. Shees Park📌 6. Al Rabi Hiking Trail📌 7. Khor fakkan heritage area📌 8. Wadi Shees📌 9. Khorfakkan Waterfalls📌 10. The Resistance Monument📌 11. Khor Fakkan Beach📌 12. Khorfakkan Amphitheatre📌,umutdxb,https://www.tiktok.com/@umutdxb,18,189500,2400000
places to visit,https://www.tiktok.com/@foodinnbd/video/7410422149845929223,"প্রাকৃতিক সৌন্দর্যে ঘেরা, কিন্তু খাবার হতাশাজনক! ঢাকার এত কাছে এমন মনোরম পরিবেশ খুঁজে পাওয়া সত্যিই দুষ্কর। পূর্বাচলের সেক্টর ২৮-এ অবস্থিত “দ্য স্পট” একটি সুন্দর ও প্রশস্ত জায়গা, যা একদম মুক্ত বাতাসে সময় কাটানোর জন্য চমৎকার। এর প্রাকৃতিক সৌন্দর্য এবং প্রশস্ততা যে কাউকে মুগ্ধ করবে। তবে, দুঃখের বিষয়, তাদের খাবারের মান খুবই নিম্নমানের ছিল। আমরা অনেকগুলি আইটেম ট্রাই করেছি, কিন্তু একটি আইটেমও ভালো লাগেনি। এত সুন্দর একটি জায়গা, কিন্তু খাবারের মান একদমই সন্তোষজনক নয়। সেখানে ঘুরতে গেলে, খাবারের ব্যাপারে আগে থেকেই কিছুটা সাবধান থাকা ভালো। .",foodinnbd,https://www.tiktok.com/@foodinnbd,364,12900,159000
places to visit,https://www.tiktok.com/@ahmazing_places/video/7265667147848748290,"Swiss towns = the most beautiful in the world 🥰 Switzerland is a mountainous Central European country, home to numerous lakes, villages and the high peaks of the Alps. Its cities contain medieval quarters, with landmarks like capital Bern’s Zytglogge clock tower and Lucerne’s wooden chapel bridge. The country is also known for its ski resorts and hiking trails. Banking and finance are key industries, and Swiss watches and chocolate are world renowned.",ahmazing_places,https://www.tiktok.com/@ahmazing_places,14,55900,583500
places to visit,https://www.tiktok.com/@i.wonderalot/video/7215367616431410475,Top 10 Vacations Spots You Must Visit in the World! ✈️,i.wonderalot,https://www.tiktok.com/@i.wonderalot,96,360900,7000000
places to visit,https://www.tiktok.com/@nihab_rahman/video/7389325225562852626,Banshkhali sea beach is a new tourist destination in Bangladesh.,nihab_rahman,https://www.tiktok.com/@nihab_rahman,214,100900,2000000
places to visit,https://www.tiktok.com/@faith_mutune/video/7375108451283766534,Places you can visit in Nairobi under 500/=. Nairobi Safari walk located inside Nairobi national park.,faith_mutune,https://www.tiktok.com/@faith_mutune,319,143500,383600
places to visit,https://www.tiktok.com/@whosthatbitxh/video/7387425223303286023,most beautiful place ive ever visited 😻😻😻,whosthatbitxh,https://www.tiktok.com/@whosthatbitxh,173,234700,32200000
places to visit,https://www.tiktok.com/@_moumita/video/7421983312610184465,মেলা ♥️ #foryou #foryourpages,_moumita,https://www.tiktok.com/@_moumita,19,4042,141200
places to travel,https://www.tiktok.com/@alikainwanderlust/video/7379611257772510470,"VinWonders is currently the largest theme park in Viet Nam and is located on the beautiful island of Phu Quoc 🏝️ What I love most about this theme park is that there are no wait times for rides. Although it is much smaller than Disneyland, it is also significantly more affordable 🎢 It’s best to buy tickets online in advance on their website. You can find great deals, such as a 2-day pass to VinWonders and VinSafari, which includes a food voucher, for nearly the same price as a 1-day ticket to VinWonders 🎟️ Make sure to check out these shows: the Fire Phoenix Square Show at 6:45 pm (20 minutes) and the Mermaid Show at 11:00 am (10 minutes) and 2:00 pm, as well as visit the aquarium and Adventure Land section of the theme park 🧜‍♀️ There is a water park here, so remember to bring your swimmers. Lockers are available for rent at 50,000 Dong (one-time use) 👙🩳 For more destinations and tips in Vietnam purchase my Vietnam Trip Planning Guide 📖 (link in bio)",alikainwanderlust,https://www.tiktok.com/@alikainwanderlust,136,48100,3000000
places to travel,https://www.tiktok.com/@adrian.baias/video/7382157717726678305,Mornings in #Cappadocia 🇹🇷🇹🇷🇹🇷 #türkiye #turkey,adrian.baias,https://www.tiktok.com/@adrian.baias,3671,649800,31400000
places to travel,https://www.tiktok.com/@globalexporer7799/video/7223902334626057473,TOP 25 Best Places To Visit in The World #travel,globalexporer7799,https://www.tiktok.com/@globalexporer7799,16,4842,37000
places to travel,https://www.tiktok.com/@backpackerjomblo_/video/7291165262596902149,Gara-gara sound ini jiwa travel ku jadi meronta-ronta 🍃,backpackerjomblo_,https://www.tiktok.com/@backpackerjomblo_,35,275600,21300000
places to travel,https://www.tiktok.com/@your_short_bro/video/7297022921438973186,Best places to visit in Bangladesh #travel #tiktok,your_short_bro,https://www.tiktok.com/@your_short_bro,186,1084,15300
places to travel,https://www.tiktok.com/@trip.com/video/7171471638586838273,You have to add this lake on your bucket list 😍Cr:,trip.com,https://www.tiktok.com/@trip.com,83,1600000,13100000
places to travel,https://www.tiktok.com/@i.wonderalot/video/7215367616431410475,Top 10 Vacations Spots You Must Visit in the World! ✈️,i.wonderalot,https://www.tiktok.com/@i.wonderalot,96,360900,7000000
places to travel,https://www.tiktok.com/@luxurylife._2023/video/7223025563588480258,Top 10 Countries For Tourism In 2023. #top #top10,luxurylife._2023,https://www.tiktok.com/@luxurylife._2023,4,342100,3100000
places to travel,https://www.tiktok.com/@whosthatbitxh/video/7387425223303286023,most beautiful place ive ever visited 😻😻😻,whosthatbitxh,https://www.tiktok.com/@whosthatbitxh,173,234700,32200000
places to travel,https://www.tiktok.com/@globalexporer7799/video/7308327357931212034,TOP 10 Best Places To Visit in Uganda #uganda #africa,globalexporer7799,https://www.tiktok.com/@globalexporer7799,16,4842,37000
places to travel,https://www.tiktok.com/@vacations/video/7336209728869010690,Most Beautiful Places in the US 🤩🇺🇸 #adventure #travel,vacations,https://www.tiktok.com/@vacations,0,318500,9300000
places to travel,https://www.tiktok.com/@itsmarianavelez/video/7246412258841087259,Part 1 ✨ Gili Islands are so beautiful and cheap! The paradise in earth,itsmarianavelez,https://www.tiktok.com/@itsmarianavelez,46,218200,5600000
places to travel,https://www.tiktok.com/@ahmazing_places/video/7275949658684558610,3 #beautiful locations you must visit in #spain 🥰,ahmazing_places,https://www.tiktok.com/@ahmazing_places,14,55900,583500
places to travel,https://www.tiktok.com/@umutdxb/video/7290908086619999495,Top 12 Places to visit in Khor Fakkan 🇦🇪📌 1. Al Suhub Rest Area 📌 2. khor fakkan old souq📌 3. Al Rafisah Dam📌 4. Najd Al Maqsar Heritage Village📌 5. Shees Park📌 6. Al Rabi Hiking Trail📌 7. Khor fakkan heritage area📌 8. Wadi Shees📌 9. Khorfakkan Waterfalls📌 10. The Resistance Monument📌 11. Khor Fakkan Beach📌 12. Khorfakkan Amphitheatre📌,umutdxb,https://www.tiktok.com/@umutdxb,18,189500,2400000
places to travel,https://www.tiktok.com/@faith_mutune/video/7375108451283766534,Places you can visit in Nairobi under 500/=. Nairobi Safari walk located inside Nairobi national park.,faith_mutune,https://www.tiktok.com/@faith_mutune,319,143500,383600
places to travel,https://www.tiktok.com/@gladextours/video/7286411832376462598,Top 8 Best Places in the 🇵🇭 #GladexTravelandTours,gladextours,https://www.tiktok.com/@gladextours,17,396400,11400000
places to travel,https://www.tiktok.com/@mrs.dxa/video/7389993723997785377,girls trip to fuerteventura🏝️🌊🐚🤍🫶🏼 Royal Palm Resort & Spa📍follow for more travel content,mrs.dxa,https://www.tiktok.com/@mrs.dxa,20,6658,2000000
places to travel,https://www.tiktok.com/@aureliestoryy/video/7383996436012223777,"A week in Dubai 🌟 📍Video locations: One&Only One Za’abeel, Atlantis The Palm, Aura Skypool, Atlantis The Royal, Shangri-La Abu Dhabi, Anantara Qasr Al Sarab, The Lost Chambers, Mleiha desert Sharjah, Burj Khalifa, Address Sky View (more in my IG story highlights)",aureliestoryy,https://www.tiktok.com/@aureliestoryy,166,1600000,85500000
places to travel,https://www.tiktok.com/@elitevacays/video/7188283959254502662,Would you add this place to your travel bucket list?🗿,elitevacays,https://www.tiktok.com/@elitevacays,0,337800,11800000
places to travel,https://www.tiktok.com/@twosometravellers/video/7296783483811302674,"TOP 20 THINGS TO DO IN SINGAPORE 🇸🇬 including some of our favourite hidden gems, found amongst the popular spots of Singapore!",twosometravellers,https://www.tiktok.com/@twosometravellers,456,100400,5600000
places to travel,https://www.tiktok.com/@dhakaslurps/video/7322719468931583250,"Tag someone with whom you want to visit this beautiful wellness and eco resort in Chittagong! 😍 @campmatita ‘s beauty transcends pictures and as you can already tell it’s a dreamy destination for a weekend staycation with loved ones or a memorable trip with friends and family. The wooden cottages offer a picturesque panorama, and the thoughtful accommodation arrangements add to the overall charm. To make your stay even more enjoyable they have all the arrangements for recreational activities and delicious food. Maati Ta truly captures the essence of a serene getaway inside the country, without burning a hole in your pocket! 🔥",dhakaslurps,https://www.tiktok.com/@dhakaslurps,1056,11800,124100
places to travel,https://www.tiktok.com/@travelguyss/video/7359244022214380833,Places you must visit if you are young and have no money 💙💸 part 2 . .,travelguyss,https://www.tiktok.com/@travelguyss,89,1100000,27600000
places to travel,https://www.tiktok.com/@hamzakhanshayan/video/7248905795671280898,A 360 degree view of the whole city 🇦🇪 💫Save this post for your next trip,hamzakhanshayan,https://www.tiktok.com/@hamzakhanshayan,109,2100000,45500000
places to travel,https://www.tiktok.com/@trainpal/video/7295394440267451680,"POV: you’re near one of the most beautiful seas on earth 😳🌏 Coron, Palavan, Philippines",trainpal,https://www.tiktok.com/@trainpal,103,921700,59700000
places that don't feel real,https://www.tiktok.com/@swiss_beautiful/video/7352527854741015840,Isn't Switzerland beautiful?🇨🇭#switzerland #swissroads,swiss_beautiful,https://www.tiktok.com/@swiss_beautiful,4732,5900000,156100000
places that don't feel real,https://www.tiktok.com/@vacations/video/7336209728869010690,Most Beautiful Places in the US 🤩🇺🇸 #adventure #travel,vacations,https://www.tiktok.com/@vacations,0,318500,9300000
places that don't feel real,https://www.tiktok.com/@laohui6/video/7322399401580760338,,laohui6,https://www.tiktok.com/@laohui6,251,1300000,17900000
places that don't feel real,https://www.tiktok.com/@travel.expectations/video/7306976832660852014,🤩✨ Places that don’t feel real #adventure #nature,travel.expectations,https://www.tiktok.com/@travel.expectations,5,377600,9700000
places that don't feel real,https://www.tiktok.com/@juliiathompson/video/7387468161286688005,"Places around the world that don’t feel real. I don’t think I would believe these places even existed if I hadn’t seen them with my own eyes. Our planet has so much to discover, and I plan on seeing as much of it as I can🤍 To stay connected while on the road, I use a @ubigiofficial eSIM plan. I am currently in Norway and I have been using the 30 day data plan that has allowed me to work, keep in touch with friends and family, and help research the areas I am visiting and trail reports. It’s as easy as downloading the Ubigi app to your phone, choose your country and plan, and follow the instructions to get connected.",juliiathompson,https://www.tiktok.com/@juliiathompson,93,3700000,112400000
places that don't feel real,https://www.tiktok.com/@grinnerzz/video/7317990536332266785,Just look at that🫂 #sunset #fyp #views #popular,grinnerzz,https://www.tiktok.com/@grinnerzz,155,178500,10600000
places that don't feel real,https://www.tiktok.com/@places/video/7217869835559095557,Most Beautiful Places in Indonesia 😍✨ #nature,places,https://www.tiktok.com/@places,1398,7300000,186400000
places that don't feel real,https://www.tiktok.com/@travelguyss/video/7218274370848918811,Who are you bringing with you? 🤩✨ #adventure,travelguyss,https://www.tiktok.com/@travelguyss,89,1100000,27600000
places that don't feel real,https://www.tiktok.com/@travelguyss/video/7217886382969097498,Most beautiful places in Mauritius 🤩✨ #adventure,travelguyss,https://www.tiktok.com/@travelguyss,89,1100000,27600000
places that don't feel real,https://www.tiktok.com/@travelcloser/video/7216370712288742662,#explore #nature #fyp,travelcloser,https://www.tiktok.com/@travelcloser,83,2000000,66599999
places that don't feel real,https://www.tiktok.com/@ha_mo_udy/video/7385133288106511649,#fyp #foryou #scenery,ha_mo_udy,https://www.tiktok.com/@ha_mo_udy,3,589300,25600000
places that don't feel real,https://www.tiktok.com/@travel.expectations/video/7299854469540449578,Part 112 | Most Beautiful Places on Earth 😍⚡️ Places that don’t feel real!,travel.expectations,https://www.tiktok.com/@travel.expectations,5,377600,9700000
places that don't feel real,https://www.tiktok.com/@the_gallery_09/video/7272674278426856706,View ✨️ #copylinkplease #CapCut ##cinematic,the_gallery_09,https://www.tiktok.com/@the_gallery_09,218,77800,2300000
places that don't feel real,https://www.tiktok.com/@travelguyss/video/7213811257307155717,Most beautiful places in the Usa 🤩✨ #adventure,travelguyss,https://www.tiktok.com/@travelguyss,89,1100000,27600000
places that don't feel real,https://www.tiktok.com/@treeptips/video/7283097527069494561,Replying to @You're scary? Last one 🤯 #southkorea,treeptips,https://www.tiktok.com/@treeptips,13,110700,4900000
places that don't feel real,https://www.tiktok.com/@bothsongheng2023/video/7293009144188128513,Most Place Beautiful and Amezing in Cambodia 🇰🇭,bothsongheng2023,https://www.tiktok.com/@bothsongheng2023,9824,36000,1100000
places that don't feel real,https://www.tiktok.com/@travelguyss/video/7312181283428306209,Most beautiful places in the philippines 🇵🇭🌴🤩 . .,travelguyss,https://www.tiktok.com/@travelguyss,89,1100000,27600000
places that don't feel real,https://www.tiktok.com/@seedyishcat/video/7328400384756583698,The gate of heaven✨ #lakecomo #vacay #travel,seedyishcat,https://www.tiktok.com/@seedyishcat,78,150700,11500000
places that don't feel real,https://www.tiktok.com/@travelguyss/video/7214553534048587014,Most beautiful places in Finland 🤩✨ #adventure,travelguyss,https://www.tiktok.com/@travelguyss,89,1100000,27600000
places that don't feel real,https://www.tiktok.com/@ethoventures/video/7272934588199030022,"Breathtaking spots in the Philippines that you shouldn’t miss! 😳😍 Which one is your favorite?😍 1. Twin Lagoon, Coron 2. Camiguin Island 3. Tumalog Falls, Cebu 🎥: abdulla_alsenaani, lauxrence, lumadcebuanoph, mark_sandoval",ethoventures,https://www.tiktok.com/@ethoventures,20,299400,6600000
places that don't feel real,https://www.tiktok.com/@relaxtions_video/video/7233767633789897989,Beautiful place on Malaysia 🇲🇾 #tiktok #video #place #viral,relaxtions_video,https://www.tiktok.com/@relaxtions_video,9,8295,163100
places that don't feel real,https://www.tiktok.com/@global.discovery/video/7298727745440222497,Most beautiful places in Israel🇮🇱✨ #israel #travel #nature,global.discovery,https://www.tiktok.com/@global.discovery,2,37900,1200000
places that don't feel real,https://www.tiktok.com/@treeptips/video/7282433129762032929,Replying to @xidnanx the last one is crazy 🤯 #mongolia,treeptips,https://www.tiktok.com/@treeptips,13,110700,4900000
places that don't feel real,https://www.tiktok.com/@enteryournewreality/video/7175120498508991746,Places that don’t feel real… #tiktoktravel,enteryournewreality,https://www.tiktok.com/@enteryournewreality,1293,1900000,54700000
travel hacks,https://www.tiktok.com/@mama_mila_/video/7242205320309640455,5 game-changing packing hacks youll wish you knew sooner 🧳📌 save this post for your next trip,mama_mila_,https://www.tiktok.com/@mama_mila_,801,1500000,25200000
travel hacks,https://www.tiktok.com/@loulouexplores/video/7240803680046320922,I do this every time I fly. Send this ti a disorganised friend haha.,loulouexplores,https://www.tiktok.com/@loulouexplores,428,204200,13800000
travel hacks,https://www.tiktok.com/@mama_mila_/video/7219218922531196162,3 folding tricks to save space in your suitcase + prevent wrinkles on your clothes ✈️ a little trick i heard from a fight attendant is to always pack a pillowcase in your luggage to put extra clothes if your baggage is overweight. Youre allowed to bring a pillow onboard without it being weighed! Hope these folds were helpful x,mama_mila_,https://www.tiktok.com/@mama_mila_,801,1500000,25200000
travel hacks,https://www.tiktok.com/@jinymaeng/video/7244414135855844610,Replying to @♫︎ I basically live on a plane at this rate,jinymaeng,https://www.tiktok.com/@jinymaeng,285,1600000,78000000
travel hacks,https://www.tiktok.com/@th3guitar/video/7251046681595235590,Adding a pop of color to your travel gear makes the journey and destination that much brighter. 💛✈️,th3guitar,https://www.tiktok.com/@th3guitar,640,7184,631500
travel hacks,https://www.tiktok.com/@victorias.way/video/7369347765886897451,Safety tips for women staying alone in a hotel. Do these simple things to keep yourself safe in the hotel🙏🏼🔐,victorias.way,https://www.tiktok.com/@victorias.way,181,471000,34900000
travel hacks,https://www.tiktok.com/@mama_mila_/video/7272286205457222920,Save space with these 3 suitcase folding hacks 🧳✈️ save this for your next flight,mama_mila_,https://www.tiktok.com/@mama_mila_,801,1500000,25200000
travel hacks,https://www.tiktok.com/@hangrybynature/video/7260111143799246088,AD | Tell me your best tip for flying ✈️ @Skyscanner,hangrybynature,https://www.tiktok.com/@hangrybynature,311,1800000,89100000
travel hacks,https://www.tiktok.com/@twincoast/video/7374616302465371398,ok but why is this soooo comfy 🤝🏼 TRY IT #airport,twincoast,https://www.tiktok.com/@twincoast,256,2300000,87100000
travel hacks,https://www.tiktok.com/@traveloneohone/video/7296999108483534098,"Avoid These Common Packing Mistakes! ❌ When getting on a plane, be sure to check your carry-on for these top three blunders: 1. Oversized liquids 💧 2. Unauthorized batteries 🔋 (some power banks are not allowed) 3. Sharp objects ✂️ Don't let these slip past your pre-flight checklist. Share what you have been caught with 🙋‍♀️🙋‍♂️",traveloneohone,https://www.tiktok.com/@traveloneohone,827,6932,194900
travel hacks,https://www.tiktok.com/@hangrybynature/video/7224884304768437505,AD | Save this for your Japan trip 🇯🇵✌️ #traveltips,hangrybynature,https://www.tiktok.com/@hangrybynature,311,1800000,89100000
travel hacks,https://www.tiktok.com/@flyairasia/video/7401077880010165522,Don't be like this brother here... 🫣 Make sure your cabin baggage are within the allowed dimensions & the combined weight must not exceed 7️⃣kg in total. 🧳,flyairasia,https://www.tiktok.com/@flyairasia,161,263800,3100000
travel hacks,https://www.tiktok.com/@thesimplemum/video/7311815253971438881,I thought everyone knew this little handy hack for travelling but everyone around us was well impressed when we did it 😂,thesimplemum,https://www.tiktok.com/@thesimplemum,948,91800,8600000
travel hacks,https://www.tiktok.com/@janicemaglasang/video/7180194098224155930,Replying to @superobinhood This website has worked for me and my travels for a good 14 years now. It never let me down in my experience. 🥰 Especially when most of my travels are planned last minute. haha,janicemaglasang,https://www.tiktok.com/@janicemaglasang,177,66700,1600000
travel hacks,https://www.tiktok.com/@voyagespirates/video/7132367406936149254,Pas mal comme astuce 🤣 Quelqu'un a déjà essayé ?by @tedi.jpgTiktok : @itisivanovaa@iti,voyagespirates,https://www.tiktok.com/@voyagespirates,206,109100,686300
travel hacks,https://www.tiktok.com/@adrianaction/video/7400670510490684705,if you want to go even faster: try sitting on it 😂,adrianaction,https://www.tiktok.com/@adrianaction,84,7806,1400000
travel hacks,https://www.tiktok.com/@getlostwebsite/video/7177158675411389702,Step 1: be flexible #fyp #foryoupage #travel,getlostwebsite,https://www.tiktok.com/@getlostwebsite,91,2500000,123200000
travel hacks,https://www.tiktok.com/@jubaer_talukder/video/7315452366667402502,Airplane Travel Timelapse TUTORIAL #howto #travel,jubaer_talukder,https://www.tiktok.com/@jubaer_talukder,4,158400,2500000
travel hacks,https://www.tiktok.com/@wandertrift/video/7275659162695060742,Preparing for your first international travel? You need this 😇,wandertrift,https://www.tiktok.com/@wandertrift,21,68800,291800
travel hacks,https://www.tiktok.com/@.adviiceb4e/video/7219312798298328326,Airport tips !!! #adviiceb4e #✰ #advice #tips #viral,.adviiceb4e,https://www.tiktok.com/@.adviiceb4e,146,124100,2400000
travel hacks,https://www.tiktok.com/@aktravelss/video/7294619170082147616,MALAYSIA 🇲🇾 #malaysiatiktok #kualalumpur,aktravelss,https://www.tiktok.com/@aktravelss,48,293700,15700000
travel hacks,https://www.tiktok.com/@shearingshedvlogs/video/7328168864334744850,I love the streaming hot towels they give you on singapore airlines before every flight,shearingshedvlogs,https://www.tiktok.com/@shearingshedvlogs,3227,377000,23800000
travel hacks,https://www.tiktok.com/@noahxboa/video/7196368243114757381,The EVIL Secrets of Budget Airlines 😈✈️,noahxboa,https://www.tiktok.com/@noahxboa,1146,1800000,25200000
travel hacks,https://www.tiktok.com/@warishatasfiaosheen/video/7371160836682927377,Recent trip to malaysia✈️#fyp #viral #tiktok #foryou,warishatasfiaosheen,https://www.tiktok.com/@warishatasfiaosheen,247,418,6476
